CustomerID,Name,Email,Phone,City,Age
1,Erika Smith,upearson@example.org,(283)574-2989,South Annette,52
2,Michael Duncan,marcus04@example.net,302-287-3017x473,Davidfurt,40
3,Chad Lowery,taramckinney@example.org,+1-579-788-5256x01012,North Michelleberg,41
4,Jennifer Anderson,larsonhenry@example.com,001-466-668-0176x49543,South Matthewchester,31
5,Caroline Ellison,jenna12@example.org,992-332-5599x76403,West Sarah,19
6,Danny Ortega,gregory43@example.com,390.887.4452,Port Jasonmouth,58
7,Alexandra Morris,santiagovanessa@example.net,+1-950-887-3938x4834,Greenburgh,59
8,Robert White,vbaker@example.com,(332)885-7946,Brandonside,58
9,Jesse Kent,johnsonrobert@example.org,001-280-782-1026x18076,Port Derek,53
10,Mrs. Ashley Davidson,charles40@example.com,372.327.2493,Jenniferhaven,50
11,Chris Fleming,matthewgordon@example.com,(592)657-1138x5158,Nancyview,60
12,Vincent Gonzalez,theresaturner@example.net,001-369-964-1664x164,South Robertburgh,36
13,Julie Atkinson,douglas17@example.com,305.930.3779,Rodriguezhaven,37
14,April Hunt,katrina10@example.com,893.830.2811x2327,South Timothytown,42
15,Daniel Gray,chansen@example.com,578-371-8708x260,Port Michelle,37
16,Karen Garcia,cblack@example.com,(565)601-6660x7228,West Joann,55
17,Dawn Peterson,kristinashelton@example.net,7439272996,Fuentesmouth,25
18,Kara Osborne,chapmanbrian@example.net,001-479-489-0037x17251,South Benjamin,53
19,Michael Simmons,poncechristopher@example.com,(914)665-2947x294,Barbaraport,53
20,Megan Smith,lynnmorgan@example.org,354-822-2379x771,Michelleside,45
21,Michael Alvarez,julieramos@example.net,5453571087,Warnerbury,23
22,Christopher Torres,dale91@example.net,(744)383-3624,New Ericaborough,23
23,Alexandria Hayes,rlee@example.net,492.654.1149x984,North Joseph,20
24,Thomas Mccoy,terrimann@example.net,534.397.6200x99514,Warnerstad,19
25,Matthew Nash,crodriguez@example.com,(874)398-5953x83358,Shelbyville,30
26,Matthew Ortiz,sethscott@example.net,857-741-5180,Currychester,40
27,Michelle Valencia,wardashley@example.org,+1-258-886-9877x43794,Port Gwendolynfort,53
28,James Adams,austindennis@example.net,+1-351-245-2431x52003,Adkinsmouth,55
29,Kyle Scott,hugheselizabeth@example.net,(995)466-3023x4010,Aaronton,60
30,Ricky Wu,wbell@example.com,001-465-641-3740,East Brittany,59
31,Erik Flores,scott25@example.com,940-348-0867x1127,Lake Andrew,42
32,Sara George,jacquelinegreene@example.com,001-906-527-9153x7665,Colemouth,34
33,Alexander Rice,njones@example.net,001-578-612-8517x054,Tonyside,40
34,Cynthia Brady,logan18@example.com,+1-450-754-0780,Catherinechester,36
35,Scott Pearson,shari14@example.com,264-677-9221x80981,Tammymouth,44
36,Julia Davis,bwilson@example.org,+1-921-673-7760x9265,Karenshire,25
37,Sean Mitchell,stephaniemonroe@example.com,(283)540-8915x045,Cameronbury,31
38,Katrina Bailey,patricklaura@example.org,7317827990,North Ryanton,56
39,Jessica Lynch,ppearson@example.net,607.657.5557,Anthonybury,18
40,Michelle Peters,jose63@example.org,566.687.4925,New Devin,22
41,Yesenia Patterson,skinnerautumn@example.org,+1-874-932-8949x40565,North Jacquelineburgh,40
42,Charlene Forbes,tiffany99@example.net,(300)234-5744,Jefferyland,46
43,Ashley Hernandez,stephanie78@example.net,3082045631,New Spencer,60
44,Linda Williams,timothyharris@example.net,929-857-8328,Kimmouth,58
45,Mike Johnson,millerpatricia@example.com,(228)303-8854x6915,Barrerahaven,59
46,Savannah Watson,pamela91@example.org,736-609-2038x71531,New Rachel,25
47,Jared Brown,kyle17@example.net,979.313.9904,New Justinchester,22
48,Rebecca Cunningham,tcruz@example.org,+1-582-445-3640x77445,North Angela,36
49,Bethany Leonard,ygamble@example.net,4906489914,South David,56
50,Amanda Hoffman,joshuajohnson@example.net,001-798-633-7414x81311,Onealtown,40
51,Bradley Mcclure,odavis@example.org,(366)825-3161x8888,Port Brittany,32
52,John Lee,washingtondiamond@example.org,792-748-7886x3451,Lake Erikaview,23
53,Sarah Campbell,rebecca75@example.com,(524)757-3442x2058,South Colleen,31
54,John Nguyen,hurstjoseph@example.net,(766)818-5644x6778,Port Lisa,54
55,Natalie Bell,patrickacosta@example.com,855.448.6089,Lake Cynthia,47
56,Anna Richardson,emily79@example.org,(300)571-1141x54491,North Chad,29
57,Jason Keller,mark15@example.com,+1-949-980-6195x8212,Nelsonfort,19
58,Angela Rivera,kevinvargas@example.org,584-928-7518x189,Joneshaven,39
59,Jennifer Taylor,johnsonbrian@example.net,371.602.0471x52045,East Lauraside,50
60,Mrs. Patricia Evans,davidsonpatrick@example.com,001-872-498-1560x021,West Jeremy,51
61,Erika Lawson,wandersen@example.com,337.618.2772,Ewingmouth,59
62,Mary Wade,darlenedonaldson@example.org,(984)330-1630x35880,Moorefort,38
63,Kelly Duke,douglas10@example.org,(658)580-0840,Andresmouth,30
64,Erika Shepherd,william30@example.net,001-616-667-0155x6469,South Anne,33
65,Timothy Hicks,michael29@example.org,001-613-753-5134,Lake Nicholasbury,38
66,Karen Jones DDS,gallen@example.com,001-485-435-2779x953,South Julieview,29
67,Spencer Pena,careyjohn@example.com,(362)713-7001,Port Karenmouth,27
68,Kaitlyn Baker,jeremiahdavis@example.com,001-547-286-7742x584,Lake Nathaniel,30
69,Nancy Hunter,walter63@example.com,(238)733-4650x3522,Karenland,42
70,Ronnie Williams,griffinhector@example.com,+1-352-579-1368x69658,East James,20
71,Douglas Jones,egreene@example.org,713-940-4113x89535,Lake Paul,33
72,Bobby Powell,jenniferrichardson@example.org,001-669-962-5216x22581,Popemouth,58
73,David Jackson,penningtondanielle@example.org,+1-391-221-8475x5766,New Valerieborough,37
74,Timothy Hale,whitemichelle@example.org,(533)588-1041x9523,North Jerrymouth,36
75,Adam Smith,hammondvincent@example.net,(554)733-3582x8695,Leslieport,40
76,William Smith,leedavid@example.net,329.467.2122x78111,Port Darrenstad,23
77,Courtney Brooks,christopherbrown@example.org,283-273-3447x27617,North Victor,55
78,Kyle Howard,dsmith@example.com,(488)360-5096x3138,West Jennifer,46
79,Dr. Katherine Patel DVM,christine87@example.net,4432006556,South Bryan,19
80,Jessica Knight,carterjohn@example.com,843-757-2091x040,Elizabethmouth,20
81,Miss Savannah Miranda,mlynch@example.net,492-306-5279,Humphreyfurt,23
82,Kenneth Moore,david53@example.net,579.339.3870x0845,Tinaburgh,57
83,Curtis Thompson,lauren98@example.net,3049769488,Lake Christopher,48
84,Jessica Williamson,jenniferjohnson@example.net,7926044765,Knappfurt,22
85,Erin Long,cwheeler@example.net,001-653-617-3051x0215,West Dannyville,54
86,Danielle Hickman,kaufmanmark@example.net,813.237.1569,Gonzalezmouth,25
87,Erin Johnston,jennifershepard@example.com,001-208-421-1454x48789,Rachelport,18
88,James Lee,cbrown@example.org,567-583-5559,Juanfurt,20
89,Rita Gardner,watsonglenda@example.org,997.862.5925,Anthonyfurt,25
90,Sean Brown,lmitchell@example.org,001-718-600-5338x63002,Port Davidshire,41
91,Kari Howard,guzmanmargaret@example.net,505-370-1128x818,Lake Clarence,23
92,Samuel Morgan,matthewhill@example.org,001-777-440-1741x210,Bernardshire,38
93,Brandi Haynes,cindy57@example.net,(260)427-4163x82774,East Karenmouth,58
94,Lisa Macdonald,rfrye@example.org,(915)765-9431x0318,East Jesseborough,44
95,Joshua Johnson,apierce@example.org,(898)636-1869,Port Michaelburgh,44
96,Karla Lawson,miranda35@example.com,+1-420-766-8650x286,East Michael,29
97,Joanna Hart,tony59@example.com,(630)751-2512,Benjaminmouth,18
98,Deborah Quinn,victoriaingram@example.net,858-608-3597x9606,Robertsonchester,26
99,Jamie Brooks,carolyn21@example.org,001-640-259-2307x162,Port Johnland,31
100,Stephen Wright,george94@example.org,331-325-6660x22172,New Kayla,24
